run,entry,type,status
155,51,Other,False
155,107,Other,False
155,529,Other,False
155,1060,Other,False
155,2037,Other,False
155,2177,Other,False
155,2300,Other,False
155,3076,Other,False
155,4076,Other,False
155,5474,Other,False
155,6298,Other,False
155,6359,Other,False
155,6972,Other,False
155,7381,Other,False
155,8422,Other,False
155,8695,Other,False
155,9002,Other,False
155,9128,Other,False
155,9280,Other,False
155,9658,Other,False
155,10214,Other,False
155,10552,Other,False
155,11884,Other,False
155,11906,Other,False
155,15075,Other,False
155,15411,Other,False
155,16264,Other,False
155,16804,Binary,True
155,17267,Binary,True
155,17504,Other,False
155,18054,Other,False
155,18057,Other,False
155,18237,Other,False
155,18407,Other,False
155,18729,Other,False
155,18902,Other,False
155,19149,Other,False
155,19263,Other,False
155,19347,Other,False
155,20365,Binary,True
155,20410,Multi,False
155,20802,Other,False
155,21251,Other,False
155,21373,Other,False
155,23003,Other,False
155,24024,Other,False
155,24532,Other,False
155,24935,Other,False
155,27542,Other,False
155,27997,Other,False
155,28119,Other,False
155,28311,Binary,True
155,29803,Multi,True
155,30158,Other,False
155,30793,Other,False
155,31443,Other,False
155,32005,Other,False
155,35587,Other,False
155,37298,Other,False
155,37333,Binary,True
156,66,Other,False
156,773,Other,False
156,951,Other,False
156,3269,Other,False
156,3385,Other,False
156,4244,Other,False
156,5837,Other,False
156,6016,Other,False
156,6119,Other,False
156,6652,Other,False
156,7047,Other,False
156,7207,Other,False
156,7961,Other,False
156,8251,Binary,True
156,8522,Other,False
156,8728,Other,False
156,8847,Multi,True
156,9070,Other,False
156,9885,Other,False
156,10424,Binary,True
156,10620,Other,False
156,11415,Other,False
156,11522,Binary,True
156,11606,Other,False
156,12075,Other,False
156,12164,Binary,True
156,12337,Other,False
156,13108,Other,False
156,13767,Other,False
156,13931,Other,False
156,14345,Other,False
156,14554,Other,False
156,15077,Other,False
156,15696,Other,False
156,16588,Other,False
156,16864,Other,False
156,17124,Other,False
156,17793,Other,False
156,18132,Other,False
156,18456,Other,False
156,20865,Other,False
156,21212,Other,False
156,22162,Other,False
156,22411,Other,False
156,22424,Other,False
156,22439,Other,False
156,22469,Multi,False
156,24195,Other,False
156,24454,Other,False
156,25173,Other,False
156,25180,Other,False
156,25290,Other,False
156,25432,Other,False
156,26138,Other,False
156,26161,Other,False
156,26289,Other,False
156,27051,Multi,True
156,27251,Other,False
156,29497,Other,False
156,29692,Other,False
156,30116,Other,False
156,30513,Other,False
156,31438,Other,False
156,31459,Other,False
156,31779,Other,False
156,32405,Other,False
156,32647,Binary,True
156,33471,Other,False
156,33859,Other,False
156,33861,Other,False
156,34577,Other,False
156,34920,Other,False
156,35010,Binary,True
156,35382,Other,False
156,35469,Other,False
156,35833,Multi,False
156,35963,Other,False
156,36111,Other,False
156,36755,Other,False
156,37059,Other,False
156,37170,Other,False
156,37774,Other,False
156,38045,Other,False
156,38332,Other,False
156,38565,Other,False
156,39028,Other,False
156,39331,Other,False
156,39366,Other,False
156,39951,Binary,True
156,40828,Other,False
156,41168,Other,False
156,41648,Other,False
156,42068,Other,False
156,42819,Other,False
156,43361,Other,False
156,43394,Binary,True
156,45111,Other,False
156,45649,Other,False
156,45862,Other,False
156,46097,Other,False
156,47332,Other,False
156,47363,Other,False
156,47431,Other,False
156,47541,Other,False
156,47781,Other,False
156,48139,Other,False
156,48934,Other,False
156,49463,Other,False
156,49553,Other,False
156,50342,Other,False
156,50821,Other,False
156,50895,Other,False
156,51413,Other,False
156,51512,Other,False
156,51674,Other,False
156,51737,Other,False
156,51780,Other,False
156,51965,Other,False
156,52202,Other,False
156,52317,Other,False
156,52417,Other,False
156,52627,Other,False
156,52979,Other,False
156,54216,Other,False
156,54658,Other,False
156,55397,Other,False
156,55612,Other,False
156,55626,Other,False
156,56702,Other,False
156,57044,Binary,True
156,57136,Other,False
156,57433,Other,False
156,57702,Other,False
156,57716,Other,False
156,58064,Other,False
156,58358,Other,False
156,58599,Other,False
157,59,Other,False
157,646,Other,False
157,653,Other,False
157,965,Other,False
157,1334,Other,False
157,1382,Other,False
157,1884,Other,False
157,2001,Other,False
157,2458,Other,False
157,2804,Other,False
157,3524,Binary,True
157,4984,Other,False
157,5682,Other,False
157,5803,Other,False
157,6792,Other,False
157,6890,Other,False
157,6922,Other,False
157,6988,Other,False
157,7092,Binary,True
157,7247,Binary,True
157,7722,Other,False
157,8587,Other,False
157,9065,Binary,True
157,9539,Other,False
157,9693,Other,False
157,9801,Other,False
157,11079,Binary,True
157,11590,Other,False
157,12434,Binary,True
157,13243,Other,False
157,13846,Other,False
157,14068,Other,False
157,14410,Other,False
157,14987,Other,False
157,15128,Other,False
157,15411,Other,False
157,15416,Other,False
157,15763,Other,False
157,16233,Other,False
157,16638,Other,False
157,16844,Binary,True
157,17413,Other,False
157,17606,Binary,True
157,17700,Other,False
157,17814,Binary,True
157,18001,Other,False
157,18437,Other,False
157,18653,Other,False
157,18912,Other,False
157,18932,Other,False
157,20733,Other,False
157,21399,Other,False
157,23387,Other,False
157,23755,Binary,True
157,24029,Other,False
157,26081,Other,False
157,26645,Other,False
157,26722,Other,False
157,27369,Other,False
157,28174,Other,False
157,28593,Other,False
157,29901,Other,False
157,30158,Other,False
157,31217,Other,False
157,31357,Other,False
157,32534,Other,False
157,32574,Other,False
157,32898,Other,False
157,33223,Other,False
157,34245,Other,False
157,34300,Other,False
157,34441,Other,False
157,34469,Other,False
157,34854,Other,False
157,35296,Other,False
157,35942,Other,False
157,36043,Other,False
157,36288,Other,False
157,37301,Other,False
157,37858,Other,False
157,38078,Other,False
157,38308,Other,False
157,38430,Other,False
157,39139,Other,False
157,39318,Other,False
157,39734,Other,False
157,39818,Other,False
157,40233,Other,False
157,40466,Other,False
157,40590,Other,False
157,40603,Other,False
157,41271,Other,False
157,41287,Multi,True
157,41637,Other,False
157,41799,Other,False
157,42052,Other,False
157,42487,Other,False
157,42679,Other,False
157,42822,Other,False
157,43039,Other,False
157,43435,Other,False
157,44734,Other,False
157,45175,Other,False
157,45379,Other,False
157,46038,Other,False
157,46576,Other,False
157,47172,Other,False
157,47493,Other,False
157,48192,Multi,True
157,49911,Other,False
157,51598,Other,False
157,52085,Other,False
157,52251,Other,False
157,52681,Other,False
157,52887,Other,False
157,53730,Other,False
157,54227,Other,False
157,54921,Other,False
157,55087,Other,False
157,55801,Other,False
157,56826,Other,False
157,57934,Binary,True
157,58136,Other,False
157,58512,Other,False
157,58562,Other,False
157,58606,Other,False
157,59132,Binary,True
157,60480,Other,False
157,60738,Other,False
157,60944,Multi,True
157,62101,Other,False
157,63253,Other,False
157,63574,Other,False
157,63703,Other,False
158,115,Other,False
158,1155,Other,False
158,1207,Other,False
158,2595,Multi,True
158,4463,Other,False
158,4592,Other,False
158,4711,Other,False
158,6325,Other,False
158,6920,Other,False
158,7477,Other,False
158,8046,Other,False
158,8330,Other,False
158,9461,Other,False
158,12249,Other,False
158,12518,Other,False
158,12574,Other,False
158,13008,Binary,True
158,13227,Other,False
158,13960,Other,False
158,16344,Other,False
158,16514,Other,False
158,17114,Other,False
158,18728,Other,False
158,19650,Other,False
158,20071,Other,False
158,20268,Other,False
158,20476,Other,False
158,20643,Other,False
158,22297,Other,False
158,22404,Other,False
158,22475,Other,False
158,23018,Other,False
158,23293,Other,False
158,24942,Other,False
158,25099,Other,False
158,25967,Other,False
158,26046,Other,False
158,26128,Other,False
158,26245,Other,False
158,26781,Other,False
158,27000,Other,False
158,27213,Other,False
158,28360,Binary,True
158,28701,Binary,True
158,29579,Other,False
158,32837,Other,False
158,33850,Other,False
158,34451,Binary,True
158,34899,Other,False
158,35286,Other,False
158,35532,Other,False
158,35640,Other,False
158,35709,Other,False
158,35964,Other,False
158,36599,Other,False
158,36714,Other,False
158,36801,Other,False
158,37974,Other,False
158,38301,Other,False
158,38429,Other,False
158,38843,Other,False
158,39694,Other,False
158,39878,Other,False
158,40730,Multi,True
158,40883,Other,False
158,40998,Other,False
158,41878,Other,False
158,42096,Other,False
158,42114,Other,False
158,42131,Other,False
158,43031,Binary,True
158,43159,Other,False
158,43235,Other,False
158,43380,Other,False
158,43463,Other,False
158,43626,Other,False
158,45797,Other,False
158,45876,Other,False
158,46226,Multi,True
158,47090,Other,False
158,49205,Other,False
158,49347,Other,False
158,49623,Binary,True
158,49862,Other,False
158,50886,Other,False
158,50909,Other,False
158,51489,Other,False
158,52134,Other,False
158,52471,Other,False
158,52539,Other,False
158,53882,Other,False
158,54207,Binary,True
158,54229,Other,False
158,54265,Other,False
158,54747,Other,False
158,55651,Other,False
158,55871,Other,False
158,56058,Other,False
158,56167,Other,False
158,56442,Other,False
158,56476,Other,False
158,56518,Other,False
158,56555,Other,False
158,57188,Other,False
158,57226,Other,False
158,57751,Other,False
159,105,Other,False
159,126,Other,False
159,570,Binary,True
159,662,Other,False
159,666,Other,False
159,750,Other,False
159,1148,Other,False
159,1785,Other,False
159,1903,Other,False
159,2119,Other,False
159,2401,Other,False
159,2604,Other,False
159,3165,Other,False
159,3307,Other,False
159,3506,Other,False
159,3617,Other,False
159,3618,Binary,True
159,3990,Other,False
159,4434,Other,False
159,4768,Other,False
159,6487,Other,False
159,6754,Other,False
159,6946,Other,False
159,7175,Other,False
159,7662,Other,False
159,7694,Other,False
159,7938,Other,False
159,8332,Other,False
159,8376,Other,False
159,8750,Other,False
159,8791,Other,False
159,8894,Other,False
159,9009,Other,False
159,9562,Multi,True
159,10681,Other,False
159,10976,Other,False
159,11118,Other,False
159,11565,Other,False
159,12063,Other,False
159,12463,Other,False
159,12660,Other,False
159,13114,Other,False
159,13767,Other,False
159,14546,Other,False
159,14666,Other,False
159,14730,Other,False
159,15067,Other,False
159,15379,Other,False
159,15925,Other,False
159,16076,Other,False
159,16253,Other,False
159,16965,Other,False
159,17092,Other,False
159,17471,Other,False
159,17876,Other,False
159,19475,Other,False
159,20970,Other,False
159,21148,Other,False
159,21747,Other,False
159,21864,Other,False
159,22400,Other,False
159,22785,Other,False
159,23271,Other,False
159,23406,Other,False
159,23492,Other,False
159,23684,Other,False
159,24135,Multi,True
159,24690,Other,False
159,24716,Other,False
159,24734,Other,False
159,24951,Other,False
159,25143,Other,False
159,25239,Other,False
159,25415,Binary,True
159,25763,Other,False
159,25817,Other,False
159,25998,Other,False
159,26076,Other,False
159,27104,Other,False
159,27588,Other,False
159,28147,Other,False
159,28474,Other,False
159,28539,Binary,True
159,28983,Other,False
159,29240,Other,False
159,29644,Other,False
159,30379,Other,False
159,31373,Other,False
159,31610,Other,False
159,31662,Other,False
159,32373,Other,False
159,33356,Other,False
159,33601,Other,False
159,33878,Other,False
159,33952,Other,False
159,35683,Other,False
159,36294,Other,False
159,36353,Other,False
159,36684,Other,False
159,37023,Other,False
159,38021,Other,False
159,38311,Other,False
159,38654,Other,False
159,39218,Other,False
159,39717,Other,False
159,39807,Other,False
159,39868,Other,False
159,40253,Other,False
159,42334,Other,False
159,42542,Other,False
159,42919,Other,False
159,43642,Other,False
159,43831,Other,False
159,43868,Other,False
159,44250,Other,False
159,44493,Other,False
159,44501,Other,False
159,44620,Other,False
159,44993,Other,False
159,45487,Other,False
159,45838,Other,False
159,45910,Other,False
159,45923,Other,False
159,46054,Other,False
159,46085,Other,False
159,46441,Other,False
159,46560,Other,False
159,46804,Other,False
159,47530,Other,False
159,48032,Other,False
159,49612,Other,False
159,49686,Multi,True
159,50562,Binary,True
159,50751,Other,False
159,51014,Other,False
159,51777,Other,False
159,52026,Other,False
159,52210,Other,False
159,54210,Other,False
159,54292,Other,False
159,54674,Other,False
159,54896,Other,False
159,55338,Binary,True
160,444,Other,False
160,574,Other,False
160,724,Other,False
160,1106,Multi,True
160,1160,Other,False
160,1408,Other,False
160,2110,Binary,True
160,2186,Other,False
160,2228,Multi,True
160,2630,Other,False
160,3039,Other,False
160,3264,Other,False
160,4147,Other,False
160,4794,Other,False
160,5067,Other,False
160,5309,Binary,True
160,5878,Other,False
160,7283,Other,False
160,7870,Other,False
160,8000,Other,False
160,8102,Other,False
160,8517,Binary,True
160,8957,Other,False
160,9402,Other,False
160,10127,Binary,True
160,10201,Other,False
160,10490,Other,False
160,10931,Other,False
160,12403,Other,False
160,12463,Other,False
160,13646,Other,False
160,14256,Other,False
160,14436,Other,False
160,14587,Other,False
160,14902,Other,False
160,15127,Other,False
160,15301,Other,False
160,16141,Other,False
160,16480,Other,False
160,16603,Other,False
160,16954,Other,False
160,17018,Other,False
160,18247,Other,False
160,19253,Other,False
160,19254,Binary,True
160,19324,Other,False
160,19385,Multi,True
160,20025,Other,False
160,20269,Other,False
160,20330,Other,False
160,20488,Other,False
160,21407,Other,False
160,21890,Other,False
160,22002,Other,False
160,22200,Other,False
160,22911,Other,False
160,22990,Other,False
160,23147,Other,False
160,23848,Other,False
160,24211,Other,False
160,24410,Other,False
160,24801,Other,False
160,25120,Other,False
160,25307,Other,False
160,25410,Other,False
160,25474,Other,False
160,25515,Other,False
160,25968,Binary,True
160,26458,Multi,True
160,26714,Other,False
160,27761,Other,False
160,28399,Other,False
160,29762,Other,False
160,30660,Other,False
160,30912,Other,False
160,30959,Other,False
160,31572,Other,False
160,31618,Other,False
160,32471,Other,False
160,33364,Other,False
160,33990,Other,False
160,34017,Other,False
160,34149,Other,False
160,34719,Other,False
160,34919,Other,False
160,35578,Other,False
160,35590,Other,False
160,35604,Other,False
160,36225,Other,False
160,36289,Other,False
160,36519,Other,False
160,36787,Other,False
160,36902,Other,False
160,38549,Other,False
160,38590,Other,False
160,40541,Other,False
160,41325,Other,False
160,42144,Other,False
160,42661,Other,False
160,42866,Other,False
160,43824,Other,False
160,44679,Other,False
160,44961,Other,False
160,45734,Other,False
160,46240,Other,False
160,46418,Other,False
160,46428,Other,False
160,46733,Other,False
160,46955,Other,False
160,47880,Other,False
160,49301,Other,False
160,49573,Other,False
160,49924,Other,False
160,50165,Other,False
160,50533,Other,False
160,51380,Binary,True
160,51393,Other,False
160,52051,Other,False
160,52270,Other,False
160,52563,Other,False
160,52708,Other,False
160,53152,Other,False
160,54175,Binary,True
160,54644,Other,False
160,56606,Other,False
160,56981,Other,False
160,58248,Other,False
160,58680,Binary,True
160,58751,Binary,False
160,58852,Other,False
160,59249,Other,False
160,59819,Other,False
160,59937,Binary,True
161,850,Binary,True
161,911,Other,False
161,1114,Other,False
161,1425,Binary,True
161,1435,Other,False
161,1741,Other,False
161,2180,Other,False
161,2653,Other,False
161,4047,Other,False
161,4477,Other,False
161,4918,Other,False
161,5075,Other,False
161,5177,Other,False
161,5612,Other,False
161,5740,Other,False
161,6021,Other,False
161,6086,Other,False
161,6157,Binary,True
161,6323,Binary,True
161,6790,Other,False
161,6950,Other,False
161,6972,Other,False
161,7003,Other,False
161,10324,Other,False
161,11297,Other,False
161,11748,Other,False
161,13064,Other,False
161,13386,Other,False
161,13514,Other,False
161,13559,Other,False
161,13891,Other,False
161,14274,Other,False
161,14498,Other,False
161,14552,Other,False
161,14854,Other,False
161,15195,Other,False
161,15381,Binary,True
161,15463,Other,False
161,15528,Other,False
161,16487,Other,False
161,17008,Other,False
161,17704,Other,False
161,18535,Multi,True
161,19196,Other,False
161,19830,Other,False
161,20546,Other,False
161,21403,Other,False
161,22616,Other,False
161,23767,Multi,True
161,24566,Other,False
161,24814,Other,False
161,25251,Other,False
161,26099,Other,False
161,26141,Other,False
161,27178,Other,False
161,27593,Binary,True
161,27731,Binary,True
161,28364,Other,False
161,28401,Other,False
161,28510,Other,False
161,29288,Other,False
161,29514,Other,False
161,30751,Other,False
161,31299,Other,False
161,31611,Other,False
161,32089,Other,False
161,32148,Other,False
161,32311,Other,False
161,32478,Other,False
161,32774,Other,False
161,33094,Binary,True
161,34990,Other,False
161,35819,Other,False
161,36187,Other,False
161,36506,Other,False
161,37209,Other,False
161,37395,Other,False
161,38401,Other,False
161,38809,Other,False
161,40118,Other,False
161,40150,Binary,True
161,40347,Other,False
161,41508,Other,False
161,41900,Other,False
161,42194,Binary,False
161,42330,Binary,True
161,42640,Other,False
161,44348,Other,False
161,44605,Other,False
161,44665,Other,False
161,46235,Other,False
161,46559,Other,False
161,47369,Other,False
161,47506,Other,False
161,48080,Other,False
161,48740,Binary,True
161,48797,Other,False
161,48987,Other,False
161,49003,Other,False
161,49226,Other,False
161,49440,Other,False
161,49653,Other,False
161,49665,Other,False
161,49680,Other,False
161,50224,Other,False
161,50732,Other,False
161,50955,Other,False
161,51059,Other,False
161,51176,Other,False
161,51237,Other,False
161,52501,Other,False
161,52796,Other,False
161,53876,Other,False
161,54285,Other,False
161,55037,Other,False
161,55823,Other,False
161,55856,Other,False
161,56188,Other,False
161,56268,Binary,True
161,56515,Other,False
161,56851,Other,False
161,57972,Other,False
161,58012,Other,False
161,59241,Other,False
161,59472,Other,False
161,59477,Other,False
161,59724,Other,False
162,356,Other,False
162,1626,Other,False
162,1751,Other,False
162,1797,Other,False
162,2296,Other,False
162,2740,Other,False
162,3262,Other,False
162,3600,Other,False
162,4555,Other,False
162,4698,Other,False
162,4917,Other,False
162,5347,Binary,True
162,5523,Other,False
162,6390,Other,False
162,6707,Other,False
162,7002,Other,False
162,7131,Other,False
162,8072,Other,False
162,8118,Other,False
162,8833,Other,False
162,9012,Other,False
162,9132,Other,False
162,11478,Other,False
162,11916,Other,False
162,12028,Other,False
162,12465,Other,False
162,13103,Binary,True
162,13382,Other,False
162,14094,Other,False
162,14334,Other,False
162,14450,Other,False
162,14649,Other,False
162,14780,Other,False
162,14977,Other,False
162,15107,Other,False
162,15573,Other,False
162,16461,Other,False
162,17685,Other,False
162,18534,Other,False
162,19554,Other,False
162,20379,Other,False
162,21256,Other,False
162,21935,Other,False
162,22447,Other,False
162,22815,Other,False
162,23527,Other,False
162,23617,Other,False
162,23817,Other,False
162,24539,Other,False
162,24977,Binary,True
162,25897,Other,False
162,26428,Other,False
162,26910,Other,False
162,27215,Other,False
162,27264,Multi,True
162,27805,Other,False
162,28525,Other,False
162,29694,Other,False
162,29963,Other,False
162,30084,Other,False
162,30250,Other,False
162,30579,Other,False
162,30862,Other,False
162,32910,Other,False
162,33034,Other,False
162,33501,Other,False
162,34249,Binary,True
162,35234,Other,False
162,36020,Other,False
162,36844,Other,False
162,36999,Other,False
162,37281,Other,False
162,37647,Other,False
162,37752,Other,False
162,38249,Other,False
162,39175,Other,False
162,39533,Other,False
162,39576,Other,False
162,39917,Multi,True
162,40232,Other,False
162,41415,Other,False
162,42172,Other,False
162,42283,Other,False
162,43080,Other,False
162,43153,Other,False
162,43207,Binary,True
162,43674,Other,False
162,43900,Other,False
162,44414,Other,False
162,44483,Other,False
162,44537,Other,False
162,44732,Other,False
162,45055,Other,False
162,45453,Other,False
162,45655,Other,False
162,45846,Binary,True
162,46528,Other,False
162,46998,Other,False
162,47641,Other,False
162,48107,Other,False
162,48152,Other,False
162,49165,Other,False
162,49285,Binary,True
162,50040,Other,False
162,50824,Other,False
162,51050,Other,False
162,51252,Other,False
162,51412,Other,False
162,51442,Other,False
162,51727,Other,False
162,55995,Binary,True
163,697,Other,False
163,990,Other,False
163,1024,Other,False
163,1384,Other,False
163,2134,Multi,True
163,2327,Other,False
163,3241,Other,False
163,3703,Other,False
163,4677,Binary,True
163,4791,Other,False
163,6734,Other,False
163,7937,Other,False
163,7943,Other,False
163,8800,Other,False
163,8882,Other,False
163,9200,Other,False
163,9288,Other,False
163,10399,Other,False
163,10581,Other,False
163,11043,Other,False
163,11336,Other,False
163,11808,Other,False
163,11826,Other,False
163,11975,Other,False
163,12175,Other,False
163,12920,Other,False
163,13256,Other,False
163,13821,Other,False
163,14288,Other,False
163,14453,Other,False
163,15342,Other,False
163,15384,Other,False
163,15972,Other,False
163,16193,Other,False
163,16794,Other,False
163,17311,Other,False
163,17730,Other,False
163,17870,Other,False
163,18010,Other,False
163,18016,Other,False
163,19519,Binary,True
163,19537,Other,False
163,19928,Other,False
163,19999,Other,False
163,21516,Other,False
163,21885,Other,False
163,21959,Other,False
163,22937,Other,False
163,23085,Other,False
163,23579,Other,False
163,24140,Other,False
163,24147,Other,False
163,24873,Other,False
163,25065,Other,False
163,25292,Other,False
163,25331,Other,False
163,25333,Other,False
163,25629,Other,False
163,25657,Other,False
163,25856,Other,False
163,26278,Other,False
163,27060,Other,False
163,28332,Other,False
163,29272,Other,False
163,29956,Other,False
163,30201,Other,False
163,30262,Other,False
163,30709,Other,False
163,31398,Other,False
163,32957,Other,False
163,33142,Other,False
163,33485,Binary,True
163,33749,Other,False
163,33880,Binary,True
163,33975,Other,False
163,34084,Other,False
163,34162,Other,False
163,34851,Other,False
163,34995,Other,False
163,35045,Binary,True
163,35789,Other,False
163,35889,Other,False
163,36458,Binary,True
163,36497,Other,False
163,36502,Binary,True
163,37684,Other,False
163,38358,Other,False
163,38430,Other,False
163,38485,Binary,False
163,38633,Other,False
163,38701,Other,False
163,38892,Other,False
163,39290,Other,False
163,39797,Other,False
163,40019,Other,False
163,40075,Other,False
163,40787,Binary,True
163,42388,Other,False
163,42415,Other,False
163,42451,Other,False
163,42542,Other,False
163,43695,Other,False
163,43848,Other,False
163,43965,Binary,True
163,45629,Other,False
163,45835,Other,False
163,46623,Other,False
163,46964,Other,False
163,47090,Other,False
163,47393,Other,False
163,47955,Other,False
163,49162,Other,False
163,50358,Other,False
163,50822,Binary,True
163,51149,Other,False
163,51482,Other,False
163,51786,Other,False
163,52730,Binary,True
163,52776,Other,False
163,53147,Other,False
163,53632,Other,False
163,54407,Other,False
163,54714,Other,False
163,55963,Binary,True
163,56050,Other,False
163,56110,Multi,True
163,57544,Other,False
163,57684,Other,False
163,58665,Multi,True
163,58867,Other,False
163,59027,Other,False
163,59517,Other,False
163,59583,Other,False
164,63,Other,False
164,280,Other,False
164,350,Other,False
164,991,Other,False
164,1636,Other,False
164,1762,Other,False
164,1776,Other,False
164,1893,Other,False
164,2800,Other,False
164,3063,Other,False
164,3656,Other,False
164,3905,Other,False
164,4363,Other,False
164,4755,Other,False
164,5327,Other,False
164,6224,Other,False
164,6359,Other,False
164,6919,Binary,True
164,7520,Multi,True
164,7530,Other,False
164,7839,Other,False
164,8506,Other,False
164,8555,Other,False
164,8941,Other,False
164,9274,Other,False
164,9390,Other,False
164,9830,Other,False
164,10112,Other,False
164,10294,Other,False
164,10995,Other,False
164,11208,Binary,True
164,11256,Other,False
164,11416,Other,False
164,11441,Other,False
164,12086,Other,False
164,12457,Other,False
164,12665,Other,False
164,13442,Other,False
164,15372,Other,False
164,15643,Other,False
164,15818,Other,False
164,16301,Other,False
164,16592,Other,False
164,16854,Other,False
164,17887,Other,False
164,19824,Multi,True
164,20166,Other,False
164,21645,Multi,True
164,21944,Other,False
164,21973,Other,False
164,22229,Other,False
164,22648,Binary,True
164,22830,Binary,True
164,22858,Other,False
164,23159,Other,False
164,26162,Other,False
164,26257,Binary,True
164,27886,Other,False
164,28215,Other,False
164,29974,Other,False
164,30703,Other,False
164,30821,Other,False
164,31457,Other,False
164,31750,Other,False
164,31899,Other,False
164,32018,Other,False
164,32216,Other,False
164,32364,Other,False
164,32614,Other,False
164,35312,Binary,True
164,35941,Other,False
164,36827,Other,False
164,37038,Other,False
164,37838,Other,False
164,38138,Other,False
164,38186,Other,False
164,39032,Other,False
164,39988,Other,False
164,40034,Other,False
164,40463,Other,False
164,40668,Other,False
164,41268,Other,False
164,41523,Other,False
164,41610,Binary,True
164,41948,Other,False
164,42739,Binary,True
164,42852,Other,False
164,43484,Other,False
164,43629,Other,False
164,43734,Other,False
164,45201,Other,False
164,45863,Other,False
164,46256,Other,False
164,46327,Other,False
164,46450,Binary,True
164,46804,Other,False
164,46859,Other,False
164,47371,Other,False
164,47736,Other,False
164,47750,Other,False
164,47956,Other,False
164,48102,Other,False
164,48238,Other,False
164,49187,Other,False
164,49317,Other,False
164,50008,Other,False
164,50030,Other,False
164,50822,Other,False
164,50953,Other,False
164,51417,Other,False
164,53053,Other,False
164,53128,Other,False
164,53548,Other,False
164,54042,Binary,True
164,54779,Other,False
165,391,Other,False
165,1198,Other,False
165,1201,Other,False
165,2093,Other,False
165,2254,Other,False
165,6014,Other,False
165,6918,Other,False
165,7051,Other,False
165,8091,Other,False
165,8650,Other,False
165,8845,Binary,True
165,8846,Other,False
165,9665,Binary,True
165,10902,Binary,True
165,10911,Other,False
165,11300,Other,False
165,11459,Other,False
165,11971,Other,False
165,12165,Other,False
165,12259,Other,False
165,12278,Other,False
165,13044,Multi,True
165,13329,Other,False
165,14381,Other,False
165,15453,Other,False
165,16033,Other,False
165,16914,Other,False
165,17920,Other,False
165,18064,Binary,True
165,18080,Other,False
165,19121,Other,False
165,19656,Other,False
165,20479,Other,False
165,21507,Other,False
165,22173,Binary,True
165,22319,Other,False
165,22605,Other,False
165,23916,Other,False
165,23919,Other,False
165,25242,Other,False
165,25443,Other,False
165,25899,Other,False
165,25922,Other,False
165,26908,Other,False
165,27220,Other,False
165,28850,Other,False
165,29318,Other,False
165,30011,Other,False
165,31162,Binary,True
165,31851,Other,False
165,33179,Other,False
165,33572,Other,False
165,33591,Other,False
165,33802,Binary,True
165,33853,Binary,True
165,34030,Other,False
165,34279,Other,False
165,34378,Other,False
165,34757,Binary,True
165,35104,Other,False
165,35657,Binary,True
165,37964,Other,False
165,38236,Other,False
165,38811,Other,False
165,39505,Other,False
165,39663,Other,False
165,39927,Other,False
165,40378,Other,False
165,40385,Other,False
165,40501,Other,False
165,40792,Binary,True
165,41177,Other,False
165,41216,Binary,True
165,41387,Other,False
165,41707,Other,False
165,41948,Other,False
165,42641,Other,False
165,43454,Multi,True
165,43668,Binary,True
165,43939,Other,False
165,44001,Binary,True
165,44842,Other,False
165,45739,Multi,True
165,45920,Binary,False
165,46094,Other,False
165,46615,Other,False
165,46676,Other,False
165,47373,Other,False
165,47453,Multi,True
165,47647,Other,False
165,48913,Other,False
165,49042,Binary,True
165,49126,Other,False
165,49685,Other,False
165,50025,Other,False
165,50542,Other,False
165,50949,Binary,True
165,51503,Other,False
165,52939,Other,False
165,53269,Other,False
165,53413,Other,False
165,53459,Other,False
165,53756,Other,False
165,53921,Other,False
165,54303,Other,False
165,54426,Binary,True
165,54666,,False
